step,epoch,loss,eval_loss,grad_norm,learning_rate,eval_runtime,eval_samples_per_second,eval_steps_per_second,train_runtime,train_samples_per_second,train_steps_per_second,total_flos,eval_accuracy,train_loss
20,0.09791921664626684,2.411,,1.518716812133789,3.653846153846154e-05,,,,,,,,,
40,0.19583843329253367,0.8217,,1.245354413986206,7.500000000000001e-05,,,,,,,,,
60,0.2937576499388005,0.3554,,1.4215033054351807,9.99872299773906e-05,,,,,,,,,
80,0.39167686658506734,0.2667,,1.2783399820327759,9.981012554563904e-05,,,,,,,,,
100,0.48959608323133413,0.1281,,0.9191097617149353,9.942538601422635e-05,,,,,,,,,
100,0.48959608323133413,,0.25957146286964417,,,44.7152,16.258,2.035,,,,,0.9301651695160823,
120,0.587515299877601,0.1099,,0.5502520203590393,9.883461518218083e-05,,,,,,,,,
140,0.6854345165238678,0.1564,,1.0161548852920532,9.804027569658967e-05,,,,,,,,,
160,0.7833537331701347,0.1209,,1.9240878820419312,9.704567878697594e-05,,,,,,,,,
180,0.8812729498164015,0.1087,,0.3831939101219177,9.58549704623326e-05,,,,,,,,,
200,0.9791921664626683,0.0743,,0.6943352222442627,9.447311422835142e-05,,,,,,,,,
200,0.9791921664626683,,0.1515880823135376,,,31.037,23.424,2.932,,,,,0.9640683859750797,
220,1.0734394124847002,0.0649,,0.33561214804649353,9.290587039689099e-05,,,,,,,,,
240,1.171358629130967,0.0516,,0.8549209237098694,9.115977207393281e-05,,,,,,,,,
260,1.2692778457772338,0.0558,,0.2980365455150604,8.924209792612008e-05,,,,,,,,,
280,1.3671970624235006,0.0621,,0.5007299780845642,8.716084183940348e-05,,,,,,,,,
300,1.4651162790697674,0.0378,,0.46528828144073486,8.492467959627204e-05,,,,,,,,,
300,1.4651162790697674,,0.15703502297401428,,,31.1046,23.373,2.926,,,,,0.9513184584178499,
320,1.5630354957160342,0.064,,0.4521256983280182,8.254293271047671e-05,,,,,,,,,
340,1.660954712362301,0.034,,0.22774086892604828,8.002552957000254e-05,,,,,,,,,
360,1.758873929008568,0.0476,,0.09073920547962189,7.738296405026606e-05,,,,,,,,,
380,1.8567931456548348,0.0303,,0.4092903137207031,7.462625177006049e-05,,,,,,,,,
400,1.9547123623011016,0.051,,0.11254926770925522,7.176688417259675e-05,,,,,,,,,
400,1.9547123623011016,,0.16471725702285767,,,31.3332,23.202,2.904,,,,,0.9542161692263113,
420,2.0489596083231336,0.0345,,0.42037078738212585,6.881678062305537e-05,,,,,,,,,
440,2.1468788249694004,0.0205,,0.18246467411518097,6.5788238722332e-05,,,,,,,,,
460,2.244798041615667,0.0236,,1.2191296815872192,6.2693883044095e-05,,,,,,,,,
480,2.342717258261934,0.0409,,0.6175838708877563,5.954661250884703e-05,,,,,,,,,
500,2.440636474908201,0.024,,0.029620438814163208,5.635954661436261e-05,,,,,,,,,
500,2.440636474908201,,0.16987210512161255,,,31.0251,23.433,2.933,,,,,0.9600115908432338,
520,2.5385556915544676,0.0301,,0.0583740696310997,5.3145970746642684e-05,,,,,,,,,
540,2.6364749082007344,0.0167,,0.10934771597385406,4.9919280799358504e-05,,,,,,,,,
560,2.734394124847001,0.0214,,0.016506200656294823,4.669292733264102e-05,,,,,,,,,
580,2.832313341493268,0.0311,,0.07947475463151932,4.3480359503991115e-05,,,,,,,,,
600,2.9302325581395348,0.0209,,0.10393521934747696,4.029496900503703e-05,,,,,,,,,
600,2.9302325581395348,,0.16072343289852142,,,31.0215,23.435,2.933,,,,,0.9629093016516952,
620,3.0244798041615666,0.0195,,0.06131140887737274,3.715003423783986e-05,,,,,,,,,
640,3.1223990208078334,0.0141,,0.10948234051465988,3.4058664963450465e-05,,,,,,,,,
660,3.2203182374541,0.0106,,0.04729689285159111,3.103374765345156e-05,,,,,,,,,
680,3.318237454100367,0.0157,,0.08323000371456146,2.808789177228934e-05,,,,,,,,,
700,3.416156670746634,0.016,,0.0907009020447731,2.5233377214318087e-05,,,,,,,,,
700,3.416156670746634,,0.17556427419185638,,,31.027,23.431,2.933,,,,,0.9597218197623877,
720,3.514075887392901,0.0159,,0.34376993775367737,2.2482103114668174e-05,,,,,,,,,
740,3.611995104039168,0.0156,,0.07071062177419662,1.9845538247321127e-05,,,,,,,,,
760,3.7099143206854346,0.0087,,0.08595164120197296,1.7334673217158974e-05,,,,,,,,,
780,3.8078335373317014,0.0123,,0.2860645651817322,1.4959974645276548e-05,,,,,,,,,
800,3.905752753977968,0.0097,,0.1662394404411316,1.273134153853714e-05,,,,,,,,,
800,3.905752753977968,,0.18383045494556427,,,30.9239,23.509,2.943,,,,,0.9600115908432338,
820,4.0,0.0107,,0.024900032207369804,1.0658064025246129e-05,,,,,,,,,
840,4.097919216646267,0.0054,,0.023012572899460793,8.748784628954348e-06,,,,,,,,,
860,4.195838433292534,0.0084,,0.13011908531188965,7.011462241822525e-06,,,,,,,,,
880,4.293757649938801,0.0046,,0.052263014018535614,5.453338947725029e-06,,,,,,,,,
900,4.391676866585067,0.0077,,0.07203993946313858,4.080909833391944e-06,,,,,,,,,
900,4.391676866585067,,0.20434916019439697,,,31.0983,23.377,2.926,,,,,0.9611706751666184,
920,4.489596083231334,0.0104,,0.09491656720638275,2.8998959134324657e-06,,,,,,,,,
940,4.587515299877601,0.0077,,0.07683533430099487,1.915220282102731e-06,,,,,,,,,
960,4.685434516523868,0.0098,,0.0065415995195508,1.1309875912301704e-06,,,,,,,,,
980,4.783353733170134,0.0099,,0.16129307448863983,5.504669398412043e-07,,,,,,,,,
1000,4.881272949816402,0.0086,,0.30394038558006287,1.760782468175015e-07,,,,,,,,,
1000,4.881272949816402,,0.20348535478115082,,,31.0869,23.386,2.927,,,,,0.9611706751666184,
1020,4.979192166462668,0.0112,,0.19995184242725372,9.382163386822962e-09,,,,,,,,,
1025,5.0,,,,,,,,8742.8098,3.737,0.117,8.573277215991398e+17,,0.1083335301570776
